Pathway,Subpathway,shared,KO,name,Linnea
Fatty acid degradation,initiation,to hexadecanoyl-CoA,K01897,"E1.1.1.1, adh; alcohol dehydrogenase [EC:1.1.1.1]",
fatty acid degradation,other,,k00001,"E1.1.1.1, adh; alcohol dehydrogenase [EC:1.1.1.1]",
fatty acid degradation,betaoxidation,to acetyl-CoA,K00022,HADH; 3-hydroxyacyl-CoA dehydrogenase [EC:1.1.1.35],
fatty acid degradation,other,,k00121,"frmA, ADH5, adhC; S-(hydroxymethyl)glutathione dehydrogenase / alcohol dehydrogenase [EC:1.1.1.284 1.1.1.1]",
fatty acid degradation,other,,k00128,ALDH; aldehyde dehydrogenase (NAD+) [EC:1.2.1.3],
fatty acid degradation,other,,k00149,ALDH9A1; aldehyde dehydrogenase family 9 member A1 [EC:1.2.1.47 1.2.1.3],
fatty acid degradation,betaoxidation,to acetyl-CoA,K00232,"E1.3.3.6, ACOX1, ACOX3; acyl-CoA oxidase [EC:1.3.3.6]",
fatty acid degradation,betaoxidation,to acetyl-CoA,k00248,"ACADS, bcd; butyryl-CoA dehydrogenase [EC:1.3.8.1]",
fatty acid degradation,betaoxidation,to acetyl-CoA,K00249,"ACADM, acd; acyl-CoA dehydrogenase [EC:1.3.8.7]",
fatty acid degradation,betaoxidation,to acetyl-CoA,K00255,ACADL; long-chain-acyl-CoA dehydrogenase [EC:1.3.8.8],
fatty acid degradation,other,,k00496,"alkB1_2, alkM; alkane 1-monooxygenase [EC:1.14.15.3]",
fatty acid degradation,betaoxidation,to acetyl-CoA,k00626,"E2.3.1.9, atoB; acetyl-CoA C-acetyltransferase [EC:2.3.1.9]",
fatty acid degradation,betaoxidation,to acetyl-CoA,K00632,"fadA, fadI; acetyl-CoA acyltransferase [EC:2.3.1.16]",
fatty acid degradation,lipases,,k01046,"lip, TGL2; triacylglycerol lipase [EC:3.1.1.3]",
fatty acid degradation,lipases,,k01054,MGLL; acylglycerol lipase [EC:3.1.1.23],
fatty acid degradation,lipases,,k01059,LPL; lipoprotein lipase [EC:3.1.1.34],
fatty acid degradation,betaoxidation,to acetyl-CoA,K01692,"paaF, echA; enoyl-CoA hydratase [EC:4.2.1.17]",
fatty acid degradation,betaoxidation,to acetyl-CoA,K01782,fadJ; 3-hydroxyacyl-CoA dehydrogenase / enoyl-CoA hydratase / 3-hydroxybutyryl-CoA epimerase [EC:1.1.1.35 4.2.1.17 5.1.2.3],
fatty acid degradation,betaoxidation,to acetyl-CoA,K01825,fadB; 3-hydroxyacyl-CoA dehydrogenase / enoyl-CoA hydratase / 3-hydroxybutyryl-CoA epimerase / enoyl-CoA isomerase [EC:1.1.1.35 4.2.1.17 5.1.2.3 5.3.3.8],
fatty acid degradation,other,,k04072,adhE; acetaldehyde dehydrogenase / alcohol dehydrogenase [EC:1.2.1.10 1.1.1.1],
fatty acid degradation ,other,,K05939,aas; acyl-[acyl-carrier-protein]-phospholipid O-acyltransferase,x
fatty acid degradation,betaoxidation,to acetyl-CoA,K06445,fadE; acyl-CoA dehydrogenase [EC:1.3.99.-],
fatty acid degradation,other,,k07422,CYP2U1; cytochrome P450 family 2 subfamily U polypeptide 1,
fatty acid degradation,other,,k07425,CYP4A; long-chain fatty acid omega-monooxygenase [EC:1.14.14.80],
fatty acid degradation,betaoxidation,to acetyl-CoA,K07508,ACAA2; acetyl-CoA acyltransferase 2 [EC:2.3.1.16],
fatty acid degradation,betaoxidation,to acetyl-CoA,K07509,HADHB; acetyl-CoA acyltransferase [EC:2.3.1.16],
fatty acid degradation,betaoxidation,to acetyl-CoA,K07511,ECHS1; enoyl-CoA hydratase [EC:4.2.1.17],
fatty acid degradation,betaoxidation,to acetyl-CoA,K07513,ACAA1; acetyl-CoA acyltransferase 1 [EC:2.3.1.16],
fatty acid degradation,betaoxidation,to acetyl-CoA,k07514,"EHHADH; enoyl-CoA hydratase / 3-hydroxyacyl-CoA dehydrogenase / 3,2-trans-enoyl-CoA isomerase [EC:4.2.1.17 1.1.1.35 5.3.3.8]",
fatty acid degradation,betaoxidation,to acetyl-CoA,K07515,HADHA; enoyl-CoA hydratase / long-chain 3-hydroxyacyl-CoA dehydrogenase [EC:4.2.1.17 1.1.1.211],
fatty acid degradation,betaoxidation,to acetyl-CoA,K07516,fadN; 3-hydroxyacyl-CoA dehydrogenase [EC:1.1.1.35],
fatty acid degradation,other,,k07517,,
Fatty acid degradation,initiation,to hexadecanoyl-CoA,k08765,"CPT1A; carnitine O-palmitoyltransferase 1, liver isoform [EC:2.3.1.21]",
Fatty acid degradation,initiation,to hexadecanoyl-CoA,k08766,CPT2; carnitine O-palmitoyltransferase 2 [EC:2.3.1.21],
fatty acid degradation,betaoxidation,to acetyl-CoA,k09478,ACADSB; short/branched chain acyl-CoA dehydrogenase [EC:1.3.99.12],
fatty acid degradation,betaoxidation,to acetyl-CoA,K09479,ACADVL; very long chain acyl-CoA dehydrogenase [EC:1.3.8.9],
fatty acid degradation,betaoxidation,to acetyl-CoA,k10527,MFP2; enoyl-CoA hydratase/3-hydroxyacyl-CoA dehydrogenase [EC:4.2.1.17 1.1.1.35 1.1.1.211],
fatty acid degradation,lipases,,k12298,CEL; bile salt-stimulated lipase [EC:3.1.1.3 3.1.1.13],
fatty acid degradation,other,,k13238,"ECI1, DCI; Delta3-Delta2-enoyl-CoA isomerase [EC:5.3.3.8]",
fatty acid degradation,other,,k13239,"ECI2, PECI; Delta3-Delta2-enoyl-CoA isomerase [EC:5.3.3.8]",
fatty acid degradation,lipases,,k13534,PNPLA3; patatin-like phospholipase domain-containing protein 3 [EC:3.1.1.3 2.3.1.-],
fatty acid degradation,betaoxidation,to acetyl-CoA,K13767,fadB; enoyl-CoA hydratase [EC:4.2.1.17],
fatty acid degradation,other,,k13951,ADH1_7; alcohol dehydrogenase 1/7 [EC:1.1.1.1],
fatty acid degradation,other,,k13952,ADH6; alcohol dehydrogenase 6 [EC:1.1.1.1],
fatty acid degradation,other,,k13953,"adhP; alcohol dehydrogenase, propanol-preferring [EC:1.1.1.1]",
fatty acid degradation,other,,k13954,yiaY; alcohol dehydrogenase [EC:1.1.1.1],
fatty acid degradation,other,,k13980,ADH4; alcohol dehydrogenase 4 [EC:1.1.1.1],
fatty acid degradation,lipases,,k14073,"PNLIP, PL; pancreatic triacylglycerol lipase [EC:3.1.1.3]",
fatty acid degradation,lipases,,k14074,"PNLIPRP1, PLRP1; pancreatic lipase-related protein 1 [EC:3.1.1.3]",
fatty acid degradation,lipases,,k14075,"PNLIPRP2, PLRP2; pancreatic lipase-related protein 2 [EC:3.1.1.3]",
fatty acid degradation,lipases,,k14076,"PNLIPRP3, PLRP3; pancreatic lipase-related protein 3 [EC:3.1.1.3]",
fatty acid degradation,other,,k14085,ALDH7A1; aldehyde dehydrogenase family 7 member A1 [EC:1.2.1.31 1.2.1.8 1.2.1.3],
fatty acid degradation,other,,k14338,"cypD_E, CYP102A2_3; cytochrome P450 / NADPH-cytochrome P450 reductase [EC:1.14.14.1 1.6.2.4]",
fatty acid degradation,lipases,,k14452,LIPF; gastric triacylglycerol lipase [EC:3.1.1.3],
fatty acid degradation,lipases,,k14674,TGL4; TAG lipase / steryl ester hydrolase / phospholipase A2 / LPA acyltransferase [EC:3.1.1.3 3.1.1.13 3.1.1.4 2.3.1.51],
fatty acid degradation,lipases,,k14675,TGL3; TAG lipase / lysophosphatidylethanolamine acyltransferase [EC:3.1.1.3 2.3.1.-],
Fatty acid degradation,initiation,to hexadecanoyl-CoA,k15013,ACSBG; long-chain-fatty-acid--CoA ligase ACSBG [EC:6.2.1.3],
fatty acid degradation,other,,k15401,CYP86A1; long-chain fatty acid omega-monooxygenase [EC:1.14.14.80],
fatty acid degradation,lipases,,k16816,"PNPLA2, ATGL; patatin-like phospholipase domain-containing protein 2 [EC:3.1.1.3]",
fatty acid degradation,lipases,,k17900,"ATG15, AUT5; lipase ATG15 [EC:3.1.1.3]",
fatty acid degradation,other,,k18857,ADH1; alcohol dehydrogenase class-P [EC:1.1.1.1],
fatty acid degradation,other,,k18880,"ECI3, HCD1; Delta3-Delta2-enoyl-CoA isomerase [EC:5.3.3.8]",
Fatty acid degradation,initiation,to hexadecanoyl-CoA,k19523,"CPT1B; carnitine O-palmitoyltransferase 1, muscle isoform [EC:2.3.1.21]",
Fatty acid degradation,initiation,to hexadecanoyl-CoA,k19524,"CPT1C; carnitine O-palmitoyltransferase 1, brain isoform [EC:2.3.1.21]",
fatty acid degradation,other,,k20495,CYP704B1; long-chain fatty acid omega-monooxygenase [EC:1.14.14.80],
fatty acid degradation,lipases,,k22283,LIPC; hepatic triacylglycerol lipase [EC:3.1.1.3],
fatty acid degradation,lipases,,k22284,LIPG; endothelial lipase [EC:3.1.1.3],
fatty acid degradation,other,,k22887,CYP52M1; long-chain fatty acid omega-monooxygenase [EC:1.14.14.80],
fatty acid degradation,lipases,,k25824,,